"RelativePath","Folder","Name","Extension","Width","Height","KB","SHA256"
"audit\source-renders\luv-icons-favicon-animated.png","audit\source-renders","luv-icons-favicon-animated.png",".png","1024","1024","2.3","7F9C122DD62655CD017488C719E1B2BCDE3172F3724322F8CD90114DD0C0CB4E"
"audit\source-renders\luv-icons-icons-favicons-favicon-animated.png","audit\source-renders","luv-icons-icons-favicons-favicon-animated.png",".png","1024","1024","2.3","43C0949FB1B5C588E9D960636F2BC1EB976957AF2F7924445A66ABFB63B63E4F"
"audit\source-renders\luv-icons-lm-v2-animated.png","audit\source-renders","luv-icons-lm-v2-animated.png",".png","1024","1024","31","61EE9D3FA2F2AA2A3B231D5C88A954AC9F024F1E3528BBA4D532361F16FB2CFC"
"audit\source-renders\luv-icons-lm-v2-micro.png","audit\source-renders","luv-icons-lm-v2-micro.png",".png","256","256","7.1","E0CF426E6763EC2414B6E090EA632527EC148938F7A4B3B66DC97127CC09CABD"
"audit\source-renders\luv-icons-lm-v2.png","audit\source-renders","luv-icons-lm-v2.png",".png","1024","1024","63.5","DA90A4BAE95168D68E37F620596A6815F48E24C9D8A3DB485C063053973AB158"
"audit\source-renders\luv-logos-favicon-dark.png","audit\source-renders","luv-logos-favicon-dark.png",".png","1024","1024","289.7","6FFE5E84A5FBF3E3E74300C166F28066DB7D60E2F0491125ECFBE17C1CAAA54B"
"audit\source-renders\luv-logos-favicon-original-board-match.png","audit\source-renders","luv-logos-favicon-original-board-match.png",".png","1024","1024","31.3","EC23E228F60E7093218D3181F82116F8977F5BFD70C6AF2BC5D9A5710AECCF1C"
"audit\source-renders\luv-logos-favicon.png","audit\source-renders","luv-logos-favicon.png",".png","1024","1024","126.8","1EB9343F076B33D26A1F29374EB97A28A815643EBA25244A2597D75088E6360D"
"audit\source-renders\luv-logos-icons-favicons-favicon-dark.png","audit\source-renders","luv-logos-icons-favicons-favicon-dark.png",".png","1024","1024","289.7","5CBA9C776A65FB2ED32821334E29ECA3097FB755BAD22213EC61B7C885770583"
"audit\source-renders\luv-logos-icons-favicons-favicon.png","audit\source-renders","luv-logos-icons-favicons-favicon.png",".png","1024","1024","32.9","CF141E053ECE114C2CD0CA02652FEAB785FDEA27C813EA05975FFECA0C477E70"
"audit\source-renders\luv-logos-logo-lockup-horizontal.png","audit\source-renders","luv-logos-logo-lockup-horizontal.png",".png","1024","238","15.4","A32007101A7AD646903AD271DCCF4A474B2399A6AC9F989DD05A5F93DC413BD2"
"audit\source-renders\luv-logos-logo-lockup-stacked.png","audit\source-renders","luv-logos-logo-lockup-stacked.png",".png","749","1024","17.3","FAA0A1073E4D597C54C47EEF1A14AA1A18A044EC1D020C891F6EB3352E8F3AC2"
"audit\source-renders\luv-logos-sprite.png","audit\source-renders","luv-logos-sprite.png",".png","1024","1024","6.2","1233F0B2A2B0BFDC309849E769D181132AD7E4B0BB310BD2F923D8130BF60C63"
"audit\source-renders\luv-logos-wordmark.png","audit\source-renders","luv-logos-wordmark.png",".png","1024","182","19.5","066F88112719A0F1FD904DA9C7E66095721D395868D26361858E05D356BBB3A0"
"avatars\luv-2-creator-avatar-circle.png","avatars","luv-2-creator-avatar-circle.png",".png","245","245","78","B32CEB69BE747CEBC9A143FE5A8B3090CBF0ADB36A7617C11B8AB22EA4B9F434"
"avatars\luv-3-creator-avatar-circle.png","avatars","luv-3-creator-avatar-circle.png",".png","245","245","78.6","47BCDCA9C0CACEC6766561FC80402323DFBC2FD0C032F57B20F2CF4DB7882C33"
"avatars\luv-creator-avatar-circle-2.png","avatars","luv-creator-avatar-circle-2.png",".png","245","245","78.5","438AE91AA44EC8F1D54B891A06C0602EC26FC8A783D7D9EACD2DF59270ECFBE2"
"avatars\luv-creator-avatar-circle-3.png","avatars","luv-creator-avatar-circle-3.png",".png","245","245","77.6","C2317927A8A67367FC97D87F30C75EE50990BC16EB090B1AF6DB5F86CEF7A981"
"avatars\luv-creator-avatar-circle.png","avatars","luv-creator-avatar-circle.png",".png","245","245","78.8","6FF1C7C14899F15A8EBAA778139C03F6ED57AA8C1462A9C46273AE16BF16CE97"
"banners\Copilot_20260506_110000.png","banners","Copilot_20260506_110000.png",".png","1024","1024","1320.9","B02028B2B2A64CBB4F7BC6430A47D20B1CA734EBBB6C0893940B5833E8131165"
"banners\Copilot_20260506_110504.png","banners","Copilot_20260506_110504.png",".png","1536","1024","1148","EF9C93896DBBB936489B57EA4B6109EDCF3B0ABFAB1D4617B65ADFED890FBD47"
"banners\Copilot_20260506_112111.png","banners","Copilot_20260506_112111.png",".png","1536","1024","303.5","2909D9E6317932C8820415910498BCB152D335E9E0AA07FDA5ECFCA2E2F1C360"
"banners\Copilot_20260506_112115.png","banners","Copilot_20260506_112115.png",".png","1536","1024","461.5","285A98B3B7CDEF0AB4233AFB6CCEF925B3CAB0DFAEEB4410E1AAEB21D0A5CB89"
"banners\Copilot_20260506_112135.png","banners","Copilot_20260506_112135.png",".png","1536","1024","488.2","66F3629A7F249CEDFF2BAA32C664AC76899FBEF30442BED0B2E44C1790BF88D3"
"banners\Copilot_20260506_112207.png","banners","Copilot_20260506_112207.png",".png","1536","1024","1207.5","0003452DCBCA7886E1C28AA4B4876756F4A401FA1E15AB967F483495266C3117"
"banners\Copilot_20260506_112232.png","banners","Copilot_20260506_112232.png",".png","1536","1024","83","F3C9F941B29B1FCE3513DA579E0DEEEF87B48E61F25CADC23FDE4646FB6CAC7A"
"banners\Copilot_20260506_112547.png","banners","Copilot_20260506_112547.png",".png","1536","1024","242.7","389ECACD6450188A4C5E36531BB49B70C4ADC29402F9FF0882809B0E2B6D5961"
"banners\Copilot_20260506_113028.png","banners","Copilot_20260506_113028.png",".png","1536","1024","528.5","AF48C9FD790239314BB513787FFE07570047516A3145088D7A500C9E6BDD8585"
"banners\Copilot_20260506_113218.png","banners","Copilot_20260506_113218.png",".png","1536","1024","251.3","53CB31C94E4597E9EFA47D4A69CC795E532BFF7063D93B166E6C04F350CB69EB"
"banners\Designer (1).png","banners","Designer (1).png",".png","1024","1024","1412.8","BA021FBA242698C17302072D07C57CFFBCB9826EB2D8B9581E6D6C74BEA06AFD"
"banners\Designer (2).png","banners","Designer (2).png",".png","1024","1024","1403.3","3B9A20ADCEC0E052C29EE4FC44DC706384AC6EAA53E6DA1EFA267C5C7378210B"
"banners\Designer (3).png","banners","Designer (3).png",".png","1024","1024","1390.2","E8DB3E7216D6D77ECB63A3E0D88F5857EB5861A04AD00814C491BBF11951D122"
"banners\Designer (4).png","banners","Designer (4).png",".png","1024","1024","1570.3","57AC09CD7C1E9240BED64CB58EA9BAF57446FA81F5F9BE7FC19E6E5476C5F0ED"
"banners\Designer (5).png","banners","Designer (5).png",".png","1024","1024","1085.4","AD0B06EC210C9B09592CA27A9F1DF20C775F11B95EBAD49D8A0BEC99338C50B6"
"banners\Designer (6).png","banners","Designer (6).png",".png","1024","1024","1495.4","AC89B78CDB2C22A8DB69A54F65A97FCEE36164BA94F2217393EAD2EB4D125D3B"
"banners\Designer (7).png","banners","Designer (7).png",".png","1024","1024","1288.6","2B1E7241D63C76FB59ECFF8FDB261F6F557857DE119542428B5E3EABC548B1CA"
"banners\Designer (8).png","banners","Designer (8).png",".png","1024","1536","1625.3","0FDAEDB5E1E22A1C4F0BACCC1A3ADEBDA427FCF7BFAECA31B2D73D41F31D6309"
"banners\Designer (9).png","banners","Designer (9).png",".png","1536","1024","1480.5","9BCAA59299D6D1C79B6AEAE2B22FEC74451D3DDB0706E5F70BF6585A2AE1F9D9"
"banners\Designer.png","banners","Designer.png",".png","1536","1024","1716.2","5BD775BC23036B993AE47D858D58BCDF14F54B6ED800EAF39FB82DA1A636B7FE"
"banners\full.jpg","banners","full.jpg",".jpg","1276","716","108.8","A207EEEB982F7299FB81CF10BEE99BBACF346D476EB65A072510A99E98EE0581"
"banners\luv-2-empower-your-vision-banner.png","banners","luv-2-empower-your-vision-banner.png",".png","830","365","386","4165545D6B86CFB4F57B4418DBC3A579EFFD07A778BFF5C4F78A77C1BBB1F5AA"
"banners\luv-2-own-content-grow-audience-banner.png","banners","luv-2-own-content-grow-audience-banner.png",".png","870","365","403.1","B4BB3EFB31A405B82C58C46E100987F19D713A87CAB03912AD2E6646D1BA37FE"
"banners\luv-3-empower-your-vision-banner.png","banners","luv-3-empower-your-vision-banner.png",".png","830","365","390.9","1D7ACCA5EEEACA40BC453DB269BCCACEC1BCAE629854CD2D0DB3E6E2E721DC32"
"banners\luv-3-own-content-grow-audience-banner.png","banners","luv-3-own-content-grow-audience-banner.png",".png","870","365","401.2","CF30EE362B592DEBF2CDD7513CD7B8220A88825976AFFE4C2FD15E46DAF28049"
"banners\luv-banner-source-01.png","banners","luv-banner-source-01.png",".png","1024","1024","1245.9","E2DEE64A1E5D8FE2FFFD1EC945D27177C3133B0F9FD4DEBD90C6DC0DAC2DE9D0"
"banners\luv-banner-source-02.png","banners","luv-banner-source-02.png",".png","1264","843","1006.5","4490644A5AAFB97A6A1E961965963AA479895A1F9C0D6B184BCD4E638FEDE349"
"banners\luv-banner-source-03.png","banners","luv-banner-source-03.png",".png","1024","1024","855.6","CC00D20C2027C7E046D8A72771334F09BAF87B0046B150EB1CEF02676FA0DCF1"
"banners\luv-cover-2560x1440.png","banners","luv-cover-2560x1440.png",".png","2560","1440","183","B3DDC26621B9BCF527597F53692D377BBE32F95443E776146B354BC047758A69"
"banners\luv-empower-your-vision-banner-2.png","banners","luv-empower-your-vision-banner-2.png",".png","830","365","384.5","42B171C4648364A2CFF7199BD576321A326892355DF4BF6588EFC047F324676E"
"banners\luv-empower-your-vision-banner-3.png","banners","luv-empower-your-vision-banner-3.png",".png","830","365","382.9","17DBA7B018374FD3BC372EF436C015D1F38E71708BDBCA058A66321497531D9C"
"banners\luv-empower-your-vision-banner.png","banners","luv-empower-your-vision-banner.png",".png","830","365","384.7","E124B3E857B273C05B0A9D2F58860C3B654F7E9A654E3EB95FADB84F47C659FD"
"banners\luv-mixed-luv-heartbeat-banner-2.png","banners","luv-mixed-luv-heartbeat-banner-2.png",".png","920","405","424.4","EC4A18FE619DC6D170FD3ADE7B00FC9DC909DE2D7260BFBB793B24CC7B5A42CF"
"banners\luv-mixed-luv-heartbeat-banner.png","banners","luv-mixed-luv-heartbeat-banner.png",".png","720","300","275.9","B4B760CF92EFE441F481F644595F0ADA4F2B071E44513D3DD8124ED75C5C4E8D"
"banners\luv-open-graph-1200x628.png","banners","luv-open-graph-1200x628.png",".png","1200","628","134.2","4F35F953C1A65770F73B63124BBC350E5A378A64FD19E2C944CA7B1254100AA9"
"banners\luv-own-content-grow-audience-banner-2.png","banners","luv-own-content-grow-audience-banner-2.png",".png","870","365","404.1","ECCF992E7A38D1EDEA2A1FDDC6C307AC132B1B96C72E4D2809DD154DAB2FE664"
"banners\luv-own-content-grow-audience-banner-3.png","banners","luv-own-content-grow-audience-banner-3.png",".png","870","365","400.9","8FCBAA10A146BB742C6DF5BE14AB672B423DCAFFBDF55FAF01EA78244F23CEBB"
"banners\luv-own-content-grow-audience-banner.png","banners","luv-own-content-grow-audience-banner.png",".png","870","365","399.2","037989886232049DC80562F2197DD4FE3B6A31DB981CB9AF4E40341EC1A3E489"
"banners\luv-social-header-1500x500.png","banners","luv-social-header-1500x500.png",".png","1500","500","76.8","D70BE438A3C09C8D717A808880EA5EE2E8BEA34A5DC6B427A21D35763390B084"
"banners\luv-widescreen-banner-1920x1080.png","banners","luv-widescreen-banner-1920x1080.png",".png","1920","1080","158.4","89905B009EC5E897E7B36AE3F268194CFFC86314E8C36D917C68321A08DD420A"
"banners\m5mdna9f.png","banners","m5mdna9f.png",".png","515","208","107.6","56048FA3F2DB2DCA6C212C57FAD37F670C60BE7A650382C036289672B3E48653"
"banners\Screenshot_4-5-2026_193331_keep.google.com.jpeg","banners","Screenshot_4-5-2026_193331_keep.google.com.jpeg",".jpeg","706","196","59.4","40954858A319FDAD887EF5F282B33D2F2984D6C28A1215C59AB4FBE2A88B0564"
"banners\Screenshot_4-5-2026_193344_keep.google.com.jpeg","banners","Screenshot_4-5-2026_193344_keep.google.com.jpeg",".jpeg","351","117","25","E8BEC4765081F9D67047833C9F9DAEF3C6E5411484795F87B2ABE488064F3113"
"banners\Screenshot_4-5-2026_193357_keep.google.com.jpeg","banners","Screenshot_4-5-2026_193357_keep.google.com.jpeg",".jpeg","235","115","20.5","3FB098882FDF9127FFEB680E038F2F64C375380E5FF7B4AF9DC4D1D395109BD7"
"banners\Screenshot_4-5-2026_193442_keep.google.com.jpeg","banners","Screenshot_4-5-2026_193442_keep.google.com.jpeg",".jpeg","209","197","23","823C9A0F5D1E43B8DC3F4ADF25A0D629D36C6E64A27120440C353AE7D8C68406"
"brand-boards\luv-2-luv-unified-kit-board-full.png","brand-boards","luv-2-luv-unified-kit-board-full.png",".png","2752","1536","5104.8","3BDD33BD9D42A4A5A4E6603982F373D3978C4CE990ABA07491E2AE8258E8A747"
"brand-boards\luv-3-luv-unified-kit-board-full.png","brand-boards","luv-3-luv-unified-kit-board-full.png",".png","2752","1536","5139.3","D42AB04FEA1A24E432E464E234D561DB21DD3375C6BF228552C069277DB63E16"
"brand-boards\luv-row-luv-media-public-2.png","brand-boards","luv-row-luv-media-public-2.png",".png","2816","512","1600.7","289235AAD4BE6610A4CBEDAE9C32333DEB9B4004BB4DCF4392D1F0B88D18DCD0"
"brand-boards\luv-row-luv-media-public-3.png","brand-boards","luv-row-luv-media-public-3.png",".png","2816","512","1564.2","36928E8DBFF97729DA3CFC3942603D41DBD1D822A0AF78DF010BECF4030D8083"
"brand-boards\luv-row-luv-media-public.png","brand-boards","luv-row-luv-media-public.png",".png","2816","512","1561.1","9608FC6A6168E47C4FE84E2860DD1934551C40D93067F14A3867ADBB939BCF70"
"brand-boards\luv-source-board-01.png","brand-boards","luv-source-board-01.png",".png","2752","1536","6667.2","C111216FBE6B7B5A5E723E691662AF1CCE9BE39843D6891621F3025FA88D2710"
"brand-boards\luv-source-board-02.png","brand-boards","luv-source-board-02.png",".png","2752","1536","6712.4","A0BD5325E9A076DE618C78B6FB1D2BD82DB6D19A3D986DC723388BEE9ACA6121"
"brand-boards\luv-source-board-03.png","brand-boards","luv-source-board-03.png",".png","2752","1536","6663.3","34815BD80477ADEDC82A50F2B92C1B469267AD996F96FD83A64337D67352F7E4"
"brand-boards\luv-source-board-04.png","brand-boards","luv-source-board-04.png",".png","2752","1536","6537.8","307B6744782986C88C920A985AEC9CC8BAA00F6869BF959B0B8FCA11A8A1384E"
"brand-boards\luv-source-board-05.png","brand-boards","luv-source-board-05.png",".png","2752","1536","6605.8","A36AC163DA21DD9DAD3CD59F1F141009B671D526FFFC078C001A4D7623ABC374"
"brand-boards\luv-unified-kit-board-full-2.png","brand-boards","luv-unified-kit-board-full-2.png",".png","2752","1536","5098.6","15B2C20B0FCF2BD38A808890F5D0C72B6B461BDB200AA916FCEB9330F70B13D7"
"brand-boards\luv-unified-kit-board-full-3.png","brand-boards","luv-unified-kit-board-full-3.png",".png","2752","1536","5078.8","391AB007A500AA238C8D01B9CFCE3FF564A7961F81AE87A15D8E8A14795DFDF3"
"brand-boards\luv-unified-kit-board-full.png","brand-boards","luv-unified-kit-board-full.png",".png","2752","1536","5110.9","532644772C5F7418511896952D7AF79C3382649C28380E2A4449FC2E072C19D0"
"config\document.json","config","document.json",".json","","","203.4","E1F83AC75193B2676BBEBD257DDE90DD96C184D186AF862B1EF99111405961B1"
"config\IRI_DEV.workspace","config","IRI_DEV.workspace",".workspace","","","1.4","75AF378142B78EEFBCBC8776052023A5D873F277A7E111C0E0229BB6D2381B97"
"config\iri-dev.json","config","iri-dev.json",".json","","","15.8","48C701FBE5E01A1B021784BFB6C681FBEBEB7745D17DF9AE9260A0A723F017FC"
"config\lmg.brand.json","config","lmg.brand.json",".json","","","1","D65B85E86C9C32879498754A1752F24E76B9D2B6259D7992D24285067B4186E5"
"config\main-29500be8.js","config","main-29500be8.js",".js","","","466.8","A83991784B9231C607F26859033AB3C824D331895558087C3FFF0A67E639089E"
"config\Manage Contacts - Export.csv","config","Manage Contacts - Export.csv",".csv","","","1","5349A4FA7A477672212E93493739426CBE8DAF525E51550810D300A18DF639E8"
"config\unified_branding_v2.json","config","unified_branding_v2.json",".json","","","3.3","D997D9C51B33E737D1156ABCF8DE7E5B723CF42518D198881E9E7323CE52E312"
"config\unified_branding.json","config","unified_branding.json",".json","","","2.3","1874E6790FEFFC5DF73087F39B5CDDFFB86624D5AF6FBB34657B5F505C193F51"
"config\unified_branding.txt","config","unified_branding.txt",".txt","","","1.6","4C29820E952D9405E3783B29135DB8A4431010899CA2842FF21E74A84884A973"
"config\unified_branding.xml","config","unified_branding.xml",".xml","","","2","57D971B4A991559E34ABC9763B312B0BC71928B9AAF7B2E4C4CCE6ADF0BB28DE"
"favicon-kit\favicon-dark.ico","favicon-kit","favicon-dark.ico",".ico","16","1632","7.5","B996528DD196525C7B03A5CFEDCD448672C301F217E26729CAAE49DDB90CD9CD"
"favicon-kit\favicon-original-board-match.ico","favicon-kit","favicon-original-board-match.ico",".ico","16","1632","3.3","A65198FC1C2A33A445AAF461AC0873FB16F379AC86E278E5693A4A335ADFFDAE"
"favicon-kit\favicon.ico","favicon-kit","favicon.ico",".ico","16","1632","5.3","EBAC661F803F8493BD815EA39F2E0AC3FD7ED46B6A70C4914666E367EF64B4A9"
"favicon-kit\Generate-Favicon.ps1","favicon-kit","Generate-Favicon.ps1",".ps1","","","1.7","B99A5CC439FB71D2C355A411AC27D8A0A4D5F49ECB0EBB66E7A6221DF754C551"
"favicon-kit\icons-favicons-favicon-dark.ico","favicon-kit","icons-favicons-favicon-dark.ico",".ico","16","1632","7.5","033E499E6DBBABBE757C81BD6650818086329FB983DE280303BE0923DACDBF50"
"favicon-kit\icons-favicons-favicon.ico","favicon-kit","icons-favicons-favicon.ico",".ico","16","1632","3.2","A37885858812CFE1FEDA45CE0E29BE1B340B691B99ED34E5E99D21CAD9D0CB38"
"favicon-kit\icons-favicons-site-dark.webmanifest","favicon-kit","icons-favicons-site-dark.webmanifest",".webmanifest","","","0.4","4993EFBF84E002483076EA52946A459604FAE712CF8104D6FA70A300FA39FC1D"
"favicon-kit\icons-favicons-site.webmanifest","favicon-kit","icons-favicons-site.webmanifest",".webmanifest","","","0.4","0660798C9E4919246A4165250EE2EDFF42E911123778B6332B4B78267BCB623A"
"favicon-kit\site-dark.webmanifest","favicon-kit","site-dark.webmanifest",".webmanifest","","","0.4","012EC6C7C9A76273B327E6E9FC2648BBB8548ECF7454B5785C96821D6721893C"
"favicon-kit\site.webmanifest","favicon-kit","site.webmanifest",".webmanifest","","","0.4","E346208D9BF017F285690425846D2B74B825254B8CA10B2B5D9F62375B6D9DAA"
"headers\luv-2-mission-title-header.png","headers","luv-2-mission-title-header.png",".png","880","245","289.4","63BA8549B541898E61CF44AB76E407B00AE0CFEAD46D074CFDF904100EDF7686"
"headers\luv-3-mission-title-header.png","headers","luv-3-mission-title-header.png",".png","880","245","288.7","FAA737C0DADB095F85CF42D4C7DA57E6A5898DD56A327D2D02C2C3BCB1409BFA"
"headers\luv-mission-title-header-2.png","headers","luv-mission-title-header-2.png",".png","880","245","288.9","81D22F5E3025B555977DC1A24C1E29D0B25E92A04BD68D131D1FC8582BD24BD9"
"headers\luv-mission-title-header-3.png","headers","luv-mission-title-header-3.png",".png","880","245","284.2","8363925C6D9D9EC4C98604653D6131DEE19F94E73CFB2DCCC2A76329007FA519"
"headers\luv-mission-title-header.png","headers","luv-mission-title-header.png",".png","880","245","290.4","2A19DF2F3A2040F98CB2244736DC1D00F543F6D20CEC925165E470268FB77F1C"
"icons\favicon-animated.svg","icons","favicon-animated.svg",".svg","","","1.3","C018266E1292109411C5B1570E32E74EFF6E12EC5D86F5CDD6E82D766D64D020"
"icons\icons-favicons-favicon-animated.svg","icons","icons-favicons-favicon-animated.svg",".svg","","","1.1","7F419740E5414D0E9514F6D621EC29BE4814051FC0C0D37B28FA9C02B9F1FCFF"
"icons\lm-v2-animated.svg","icons","lm-v2-animated.svg",".svg","","","0.8","FC76243E8DA67C98170BD5C7023ECB6D040A353F7FF9734D650CC05370A7A628"
"icons\lm-v2-micro.svg","icons","lm-v2-micro.svg",".svg","","","0.3","785D7B975918C4A81D9B37630EE1B450883BAAB3AA7E01DCB322D49B332B067A"
"icons\lm-v2.svg","icons","lm-v2.svg",".svg","","","0.5","B14B791E9E416AB7BEE5AC9705C866A30326B9BB0C6A798C78242A62E56B7316"
"icons\lmg-splashIcon.png","icons","lmg-splashIcon.png",".png","157","164","27.8","532C048F048DECC6A85C141C55E5538F9B24F85F3FA0B5072F28FB4BC4AAF9AE"
"icons\luv-2-app-icon-1024-card.png","icons","luv-2-app-icon-1024-card.png",".png","240","240","81.2","9B0E8DC4F85BA0DED8B7D3FEF58496F798E422B419496BFE5D1B034BBDEC87B6"
"icons\luv-2-app-icon-16-card.png","icons","luv-2-app-icon-16-card.png",".png","110","105","18.8","3BE4D7C390EDD626152B9DF1FB114898529392EC062C4EA3FD56EE67934D3538"
"icons\luv-2-app-icon-36-card.png","icons","luv-2-app-icon-36-card.png",".png","135","130","28.1","EB6D0A30C75F9AFE41F10FE397A15F515789B896CF2BD22BF988B0B49FC665D0"
"icons\luv-2-app-icon-684-card.png","icons","luv-2-app-icon-684-card.png",".png","185","185","44.7","8B426E59F068C15B10954A692BC2A4ABD291CC9A766BC37647C458EAA9F51F5B"
"icons\luv-2-core-lm-v2-card.png","icons","luv-2-core-lm-v2-card.png",".png","270","275","101","0BC0A625E303D51647AAD03C1549B04983AE7421C557CD44A0C2C40FD7180072"
"icons\luv-3-app-icon-1024-card.png","icons","luv-3-app-icon-1024-card.png",".png","240","240","80.9","54504899FEF2FC299F02BDCC5B6CF911CB5F6C017D3F0007484D32B71B8D0762"
"icons\luv-3-app-icon-16-card.png","icons","luv-3-app-icon-16-card.png",".png","110","105","18.9","F4FE2D6C741BAC9753F4F9216838EDA80750294B252FABE49A48C2A57F1BCCC8"
"icons\luv-3-app-icon-36-card.png","icons","luv-3-app-icon-36-card.png",".png","135","130","28.3","1159C551996047C949257B3D2E1A8A3FE4D8D8B4D240FD78C0F7ADC16E85706A"
"icons\luv-3-app-icon-684-card.png","icons","luv-3-app-icon-684-card.png",".png","185","185","45","0A4D74C049294FF242015FBB91DABC3BB33B01EDC3CC15870B21E0BFA89D2E93"
"icons\luv-3-core-lm-v2-card.png","icons","luv-3-core-lm-v2-card.png",".png","270","275","101.6","F8B999C834682A516FEA479C93BFD88D358EB62467FD1B60E747510C81F3C1D3"
"icons\luv-app-icon-1024-card-2.png","icons","luv-app-icon-1024-card-2.png",".png","240","240","80.9","C048DBE2A08742B250D54C799F1DC36CA1C520BBCF0150E18FBA6BFEB7F09306"
"icons\luv-app-icon-1024-card-3.png","icons","luv-app-icon-1024-card-3.png",".png","240","240","80.8","A1F3EA0C359CF6258DB83A65473AE14B7DB3EE550CE46A2D1BB7E4CBE6DC5B5D"
"icons\luv-app-icon-1024-card.png","icons","luv-app-icon-1024-card.png",".png","240","240","80.8","D1ED65614BC030406D31BFCE8F16BFA5DC3B8370006FCAFCC81BC163FE540D5C"
"icons\luv-app-icon-16-card-2.png","icons","luv-app-icon-16-card-2.png",".png","110","105","19.1","DD64C4590A0A8431421C0854C1C4FAD4CA1204DC02732619434AA0172F1A0530"
"icons\luv-app-icon-16-card-3.png","icons","luv-app-icon-16-card-3.png",".png","110","105","19","82895FCF0199A0548EB7AB4B27E055D45162D30E25B9A938DEACC361576FAC1C"
"icons\luv-app-icon-16-card.png","icons","luv-app-icon-16-card.png",".png","110","105","18.7","F2F0B851603591B5DE0429AF624D9BF2702D46719011B58355150D1BDDB429A1"
"icons\luv-app-icon-36-card-2.png","icons","luv-app-icon-36-card-2.png",".png","135","130","28.3","26FD0FF8053908BCAEB15E00124603448D7120A3FA76A1B64EAD14593D42AE15"
"icons\luv-app-icon-36-card-3.png","icons","luv-app-icon-36-card-3.png",".png","135","130","28.2","7CE3A67926B24DA3987FDF920B7B8DA23660870A33F4ED87AEFB0CF3D82CE06B"
"icons\luv-app-icon-36-card.png","icons","luv-app-icon-36-card.png",".png","135","130","28.1","56A12A4F310050CA94B289D3349B86BF7AFE48B1644D983F3F7FA510C845A84A"
"icons\luv-app-icon-684-card-2.png","icons","luv-app-icon-684-card-2.png",".png","185","185","45","1778B7B66006FF47576D293652D70AD48F25EA9763C5608482E28EB2206DD157"
"icons\luv-app-icon-684-card-3.png","icons","luv-app-icon-684-card-3.png",".png","185","185","44.8","4F7D89375BB99FA9C61F243887931ED3A6AAE3AC84A27FEBB3FC773F0A416B82"
"icons\luv-app-icon-684-card.png","icons","luv-app-icon-684-card.png",".png","185","185","44.9","1BA5A78F55EEA313727AAE143CE26F0118A0FAB3BE10BA7B61C5AF00805AD624"
"icons\luv-app-icon-rounded-dark.svg","icons","luv-app-icon-rounded-dark.svg",".svg","","","1","C0EFD59B08FF741EA2943D7D42966A2F1FEA24BECE439DE4A6C958413713DED6"
"icons\luv-avatar-circle-light.svg","icons","luv-avatar-circle-light.svg",".svg","","","1.1","200D0B4D9D37A2DDD5D3A5B4262F32ABA2046D5D74989F8E70CC0D903E44D965"
"icons\luv-avatar-circle-pink-1024.png","icons","luv-avatar-circle-pink-1024.png",".png","1024","1024","69.5","72DB6C8F21A5CE4501A3D8E8A8FACA1853E82BA4B234E15A036B1C824ED051EB"
"icons\luv-avatar-gradient-square-1024.png","icons","luv-avatar-gradient-square-1024.png",".png","1024","1024","53.9","DE43192CC046818FE13C4E32ABF9F1ADFEDDAE7795D26E646D1CF1B3E67DDDF5"
"icons\luv-core-lm-v2-card-2.png","icons","luv-core-lm-v2-card-2.png",".png","270","275","101.3","69E5A500BDF103CF6ED68E35DFDD64CC1A03A6EEA610862439C6155C18D62A4C"
"icons\luv-core-lm-v2-card-3.png","icons","luv-core-lm-v2-card-3.png",".png","270","275","101.3","402038E8F74910A0945956378E44AC5B49ECF1E4C76AD85AC39B6DAA3B58CE5C"
"icons\luv-core-lm-v2-card.png","icons","luv-core-lm-v2-card.png",".png","270","275","100.9","447EF68C05FDF482EBD3F395CAE687FFC203ED7FEF4C7ED6DF59DD2C7B541FC7"
"icons\luv-favicon-animated-1024.png","icons","luv-favicon-animated-1024.png",".png","1024","1024","2.3","EBA3D53293886C35FFCD9E532BBD2F5E209E9C2ED269DFA49908BC8081135039"
"icons\luv-favicon-pink.svg","icons","luv-favicon-pink.svg",".svg","","","0.5","EE26096DB6A890CE9ED18157D3D6F1C0654129FE8A93DDAC5899B8A958C7338E"
"icons\luv-icon-rounded-dark-1024.png","icons","luv-icon-rounded-dark-1024.png",".png","1024","1024","61.7","6FE1357770DE2DDA1D65AA3C88A7927F0ECF806FFEA166F6ED5D35A859E5A227"
"icons\luv-icon-transparent-1024.png","icons","luv-icon-transparent-1024.png",".png","1024","1024","71.5","0BCAABD2C12E4094E3B1F7ACAD960A7129237D3CED6014499BA879C82B928652"
"icons\luv-icons-favicons-favicon-animated-1024.png","icons","luv-icons-favicons-favicon-animated-1024.png",".png","1024","1024","2.3","B8817D9B753F4782D5C68CD0A150B10276BE57DA1EA6E484A65DFEF3229C8990"
"icons\luv-lm-v2-1024.png","icons","luv-lm-v2-1024.png",".png","1024","1024","66.8","5308AF5C179593A65341D84E6F40129A85714C3F7AD8EBCC78DF697398BABF97"
"icons\luv-lm-v2-animated-1024.png","icons","luv-lm-v2-animated-1024.png",".png","1024","1024","31.6","8543F89BFB411A684547BC5C627947753084BB023543FBE438A8A7C6EA68E452"
"icons\luv-lm-v2-micro-1024.png","icons","luv-lm-v2-micro-1024.png",".png","1024","1024","162.5","90517094EE6C4838AC4BAAD5948C14CF89F95547BF919DDB17487641C68C3477"
"icons\luv-mixed-luv-icon-set.png","icons","luv-mixed-luv-icon-set.png",".png","390","430","199.6","8D80EB4D5E3308F1C39C8EA256700D13DEF1C6A7BA0C3D9E2A5D10E0D8EE637F"
"icons\luv-mixed-luv-story-community-icons.png","icons","luv-mixed-luv-story-community-icons.png",".png","285","460","145.7","52D597C0BFB7A380FE1F2233C7FF38CFAA676B55C00510E41C26454FF185020F"
"internal\irin\irin-contact-sheet-preview.jpg","internal\irin","irin-contact-sheet-preview.jpg",".jpg","1136","244","20.6","D12497D7655ED3CD2AE4FD08EADAF76E6FDA1211EDB5E3434C2AB0DA081BE169"
"internal\irin\irin-iri-national-banner-column-2.png","internal\irin","irin-iri-national-banner-column-2.png",".png","880","512","595.7","C72FF3092045A72BCFBE7AD0D884A571FA9E27C7B5F77F23697A4F397A8F09B0"
"internal\irin\irin-iri-national-banner-column-3.png","internal\irin","irin-iri-national-banner-column-3.png",".png","880","512","468.3","4924B896B3631406AA71F073EFAF46C6DCEAE69B049A3F8A8E2C8FDF0E056189"
"internal\irin\irin-iri-national-banner-column.png","internal\irin","irin-iri-national-banner-column.png",".png","880","512","541.5","8E66ED7ADA08F9C92E836EC768BC3E9DD50FDF78A1C7EBBF2D677FCB6E67C18D"
"internal\irin\irin-iri-national-logo-column-2.png","internal\irin","irin-iri-national-logo-column-2.png",".png","880","512","496.5","C11A4A08D87D1450F906CE98A7C994EDF407BB613891F0DA52F89698E4125C46"
"internal\irin\irin-iri-national-logo-column-3.png","internal\irin","irin-iri-national-logo-column-3.png",".png","880","512","458.4","31A21A029A3ADC082ED25B088F6F8A93CC720F36E3BE22AC0341F4E96A6A3F64"
"internal\irin\irin-iri-national-logo-column.png","internal\irin","irin-iri-national-logo-column.png",".png","880","512","511.6","F3C056127B1D3627AC19EB5D24F382A639E60FDFFA5E39F73FA811B02C888B2C"
"internal\irin\irin-row-iri-national-2.png","internal\irin","irin-row-iri-national-2.png",".png","2816","512","1702","EB22C211F8D4BF08A1ECDE478689CC4438916730FB7D5CB956EF49255073AFB3"
"internal\irin\irin-row-iri-national-3.png","internal\irin","irin-row-iri-national-3.png",".png","2816","512","1503","1EFC229983B912752B7C25C289DD3792EEC64D3DC3470B1FB88DAEC48A6A0BEE"
"internal\irin\irin-row-iri-national.png","internal\irin","irin-row-iri-national.png",".png","2816","512","1686.1","29222B470CD1E137C0B6915BF50E5B4BD1144706C2188255D3A7704482782ED9"
"internal\irip\irip-contact-sheet-preview.jpg","internal\irip","irip-contact-sheet-preview.jpg",".jpg","1136","244","22.6","160B166D604CCCF7F322E672B81439C4AA2FDA81420D6786BC04AA1023A08E58"
"internal\irip\irip-iri-productions-banner-column-2.png","internal\irip","irip-iri-productions-banner-column-2.png",".png","880","512","486.8","C77F0646825EE79F34FCA2800ECE663031083F01E51947EE546C6C5B58FD3AB8"
"internal\irip\irip-iri-productions-banner-column-3.png","internal\irip","irip-iri-productions-banner-column-3.png",".png","880","512","436.7","4FA37EC769C30A9E17330DF4B3362A1F990FF7714A69DF1D16796C4FADC6A491"
"internal\irip\irip-iri-productions-banner-column.png","internal\irip","irip-iri-productions-banner-column.png",".png","880","512","498.2","85319C961CC924E2076F21E487271F89053F2B1D64392EAE444777DD3283DA59"
"internal\irip\irip-iri-productions-logo-column-2.png","internal\irip","irip-iri-productions-logo-column-2.png",".png","880","512","534.4","5EDFF555BE9A3684A469BC1F9F20F6EC9FE24625DE6C6C56952A5EF88009FADA"
"internal\irip\irip-iri-productions-logo-column-3.png","internal\irip","irip-iri-productions-logo-column-3.png",".png","880","512","452.5","85A1A4022CEC865E7C07F5E576C55C966E6E82DD049687181D0E58483AE9E573"
"internal\irip\irip-iri-productions-logo-column.png","internal\irip","irip-iri-productions-logo-column.png",".png","880","512","493.4","1C107824735029D620ACBAD3E3B9F883624AF5E992B5EB3B4622E2B492A43B5B"
"internal\irip\irip-row-iri-productions-2.png","internal\irip","irip-row-iri-productions-2.png",".png","2816","512","1664.9","B3020EA3596F6CEFD0A8C6E2DBE273A5C681F10F21ED849BEF6855635A2B2675"
"internal\irip\irip-row-iri-productions-3.png","internal\irip","irip-row-iri-productions-3.png",".png","2816","512","1461.5","A959343BBC56021259F09294F2DF66734BE1C8A42653E9D964490125443D5D9A"
"internal\irip\irip-row-iri-productions.png","internal\irip","irip-row-iri-productions.png",".png","2816","512","1598.7","90F50FA88D4C04F59B3A57B844F1AB5E9BFD220B9096A06DFE34941325BC3318"
"internal\mixed-reference\irin-irip-luv-source-board-01.png","internal\mixed-reference","irin-irip-luv-source-board-01.png",".png","2816","1536","5910.9","E36DCEFBBBE369691078FE8CB0866AF010A8FB014424CBCDC62E7A598A7EBBB8"
"internal\mixed-reference\irin-irip-luv-source-board-02.png","internal\mixed-reference","irin-irip-luv-source-board-02.png",".png","2816","1536","5868.2","BB4C099884BD91A791EFC4B987BD1E5EE9388C8AC2716DFAA5B51AD5598AAFA9"
"internal\mixed-reference\irin-irip-luv-source-board-03.png","internal\mixed-reference","irin-irip-luv-source-board-03.png",".png","2816","1536","5546.4","7C29FAACFD52CA384F6720A1E05DED35F4F832E4146E0AB26B8E177DA604307F"
"legal\ASSET_INDEX.txt","legal","ASSET_INDEX.txt",".txt","","","0.2","8613298A6C0B2A122B37DF7EAB9C093AD26D34203DD40A52858BE27D12D1D22D"
"legal\IRI_Brand_Law_Signed.pdf","legal","IRI_Brand_Law_Signed.pdf",".pdf","","","2.3","41FE92C1C8335D418182B83E48914AF77940FB7C9BAABC6934CC3840EB2B2DEA"
"legal\Luv_Media_Group_Brand_Kit_v1_DELIVERED.zip","legal","Luv_Media_Group_Brand_Kit_v1_DELIVERED.zip",".zip","","","1.5","F0BAC706B739345FC779605AAF01C87016B9397939018648831BD84DEDA0AFC5"
"legal\LUV_Media_Group_Logo_Standards_Sheet.pdf","legal","LUV_Media_Group_Logo_Standards_Sheet.pdf",".pdf","","","52.8","1752CFBA15C6770E9807449A4BA5153E7A41EEA7202830DAD3180F6B8FE855B5"
"legal\README.txt","legal","README.txt",".txt","","","0.2","B68F61BFAAD796B37276B874B9F4EC7145F5780ABE2CFAECD1C97AF3F1AAB192"
"logos\favicon-dark.svg","logos","favicon-dark.svg",".svg","","","0.7","828B42BB0F673E0DDF47F606E68DDCCF5751815E12F206D1E15D0D9113C982C7"
"logos\favicon-original-board-match.svg","logos","favicon-original-board-match.svg",".svg","","","0.7","79366CB6AFF01FDABCCF1D0270A5826EA35A05D7EC71887D675A9C2F7656A6E1"
"logos\favicon.svg","logos","favicon.svg",".svg","","","0.7","96B6254203BA0D3099FE6870A9CFEB8F797CF99E19FB563A81584B7B00580173"
"logos\icons-favicons-favicon-dark.svg","logos","icons-favicons-favicon-dark.svg",".svg","","","0.6","2247AE728D97C715DE7320FF8D08D3B6B93B125502116AA99E50E4F158A32CFC"
"logos\icons-favicons-favicon.svg","logos","icons-favicons-favicon.svg",".svg","","","0.7","045FD02B2BA780FCB30BCC6D13A6C2A5C99895010B8EC8993EF6D50C0B1FAAC8"
"logos\logo-lockup-horizontal.svg","logos","logo-lockup-horizontal.svg",".svg","","","0.2","9B05E7970E34F234813038538579099E3B3DC9599BCDAE7E6295D627322C4D50"
"logos\logo-lockup-stacked.svg","logos","logo-lockup-stacked.svg",".svg","","","0.2","893456A000039FBB496922CD55F31B38B0ED5464749A00539F3422C75A8F89C1"
"logos\luv-2-logo-lockup-horizontal-card.png","logos","luv-2-logo-lockup-horizontal-card.png",".png","1015","355","388.6","B16EA39C4C84087C26DF9B6FA255C8477316EF1570EC9E9542256FAE01CBF93C"
"logos\luv-2-logo-mark-card.png","logos","luv-2-logo-mark-card.png",".png","390","355","169.3","52BE094812D38EC3C888EDCCDCA55E0009DCCDC809A29DAFBD6872DE10BAD796"
"logos\luv-3-logo-lockup-horizontal-card.png","logos","luv-3-logo-lockup-horizontal-card.png",".png","1015","355","391.5","620E098FBFD60D41E9E6DF969C12A27D39F43F90E58ACF66F423D23E037C2647"
"logos\luv-3-logo-mark-card.png","logos","luv-3-logo-mark-card.png",".png","390","355","172","5621CE9AB71472DF1790CD67F1BB7C011422AB84BD3A946DC18FB6A9372BB37F"
"logos\luv-all-svg-source-contact-sheet.png","logos","luv-all-svg-source-contact-sheet.png",".png","1184","1184","321","FA0552587EE6F7BF0A6C41E62E0C6292D4E17BC80E2C5C599803F6DB1E51DD26"
"logos\luv-favicon-dark-export.png","logos","luv-favicon-dark-export.png",".png","1600","1600","480.2","77BB75473F174011D53478F14F410F3136995406143752C9FA7E2F424AD0F759"
"logos\luv-favicon-export.png","logos","luv-favicon-export.png",".png","1600","1600","218.8","EC7AA336F4FDFBEDE148902515E64DEDEEE4D7D3B07897AE6A5878D76FEFA2A9"
"logos\luv-favicon-original-board-match-export.png","logos","luv-favicon-original-board-match-export.png",".png","1600","1600","54.8","1BEE785C43DD016A1E3EE55B159C331F8D4AA4D11E9BF3043349E76B1C33F25A"
"logos\luv-icons-favicons-favicon-dark-export.png","logos","luv-icons-favicons-favicon-dark-export.png",".png","1600","1600","480.2","441A86B9685405E6B1C1575A6C1B551BD30059C6B521E3CD22DAB2FC5B543A23"
"logos\luv-icons-favicons-favicon-export.png","logos","luv-icons-favicons-favicon-export.png",".png","1600","1600","56.9","F99EDF3ED5E771B51DC42D7772005FF4559468D983FA7E45AB044DC7BF0108CD"
"logos\luv-logo-horizontal-dark-ui.png","logos","luv-logo-horizontal-dark-ui.png",".png","1280","320","49.5","3CD9C0E738401391A3893E7AB113B9D84FB5D8C84F9E1019D3297F0C33C11FB8"
"logos\luv-logo-horizontal-transparent.png","logos","luv-logo-horizontal-transparent.png",".png","1280","320","37.3","2A00E1C72EC5D97EC9EE03082162C4F8F180BC77838F146EC7E2C51C7891E2F9"
"logos\luv-logo-horizontal-warm-white.png","logos","luv-logo-horizontal-warm-white.png",".png","1280","320","48.9","BAC5ABE40095321DA8AFE7AC7EF8F68BBF6926D372AD98EA8131CD2A9BE880A0"
"logos\luv-logo-lockup-horizontal-card-2.png","logos","luv-logo-lockup-horizontal-card-2.png",".png","1015","355","389.6","E9D044C628AC39CC52167615FEEBF63A524384AC35B5249FA16DE1FD8C55A335"
"logos\luv-logo-lockup-horizontal-card-3.png","logos","luv-logo-lockup-horizontal-card-3.png",".png","1015","355","384.4","25DBC156853A269BDE41CC7F2BEEE10B13DDE3641874D800507A3F505BB7CA2F"
"logos\luv-logo-lockup-horizontal-card.png","logos","luv-logo-lockup-horizontal-card.png",".png","1015","355","387.9","7BBC716E77308A9CA18F266396685517233113B85F6D5013D37ACA37F9FD62F4"
"logos\luv-logo-lockup-horizontal-export.png","logos","luv-logo-lockup-horizontal-export.png",".png","1600","372","24.1","64DE137C6A92A14AA0B6961160B46CF7927C24B67AB41022D47F3810E9C57040"
"logos\luv-logo-lockup-stacked-export.png","logos","luv-logo-lockup-stacked-export.png",".png","1170","1600","28.4","2EADAF3D16EE17490462478FD86F7BE9606DEEDA00B6CBB4AD728D7D6BD3E0CC"
"logos\luv-logo-mark-card-2.png","logos","luv-logo-mark-card-2.png",".png","390","355","172.8","403BCA0B47AABC2C967DBA9A735201B4B153AD09240A8E9EB925231CF5CB58A3"
"logos\luv-logo-mark-card-3.png","logos","luv-logo-mark-card-3.png",".png","390","355","171.7","F4633EC9CB73CDD78F9827D6722B948E235D23CE893ED65D1920EE4DA1915998"
"logos\luv-logo-mark-card.png","logos","luv-logo-mark-card.png",".png","390","355","171.8","04250EC941EB67C26C6A297E86700A1F68949180603A6F03E5BD76FC4FB127A8"
"logos\luv-logo-stacked-dark-ui.png","logos","luv-logo-stacked-dark-ui.png",".png","960","640","53.1","A193C65CED3D107951374635331B8F2C5EAF35B2CE72E80109588410C07CA952"
"logos\luv-logo-stacked-transparent.png","logos","luv-logo-stacked-transparent.png",".png","960","640","42.8","B3CAEDDAAE2E7A02666DCD71FAFB5FD8A0B34642C26D779EE5F52AD35E76CB5A"
"logos\luv-mixed-luv-heart-eye-logo.png","logos","luv-mixed-luv-heart-eye-logo.png",".png","720","440","375","601767975751DEB2803F87780738219103D7C7CC5D2813DB2DF24FCFCAB5DC4C"
"logos\luv-mixed-luv-logo-large.png","logos","luv-mixed-luv-logo-large.png",".png","720","420","345.6","B8A920D3C5FD84E2016437C7565756D06947B66EDD2C94E0684FA9A05E9B7A2C"
"logos\luv-mixed-luv-play-heart-logo.png","logos","luv-mixed-luv-play-heart-logo.png",".png","720","385","283.9","74B30EC0EED95AC4B5AB337E7523B38750940C27DF0D59D98153D6C7355E5229"
"logos\luv-sprite-export.png","logos","luv-sprite-export.png",".png","1024","1024","6.2","0F64FFD710E827F314C08BEA35D2BA5F35E496B3489A3B9ECD4D1E1A18DF3430"
"logos\luv-wordmark-export.png","logos","luv-wordmark-export.png",".png","1600","284","29.4","C90DD85E87C67A64A2FDB35B8C7231D8C60312BA51FCBC78907D5097132FB934"
"logos\sprite.svg","logos","sprite.svg",".svg","","","0.2","9DF89DE7E4D5DAC0FD4D1D97C203BBCF5ECFF1616D98219134663AFC45D0AF2F"
"logos\wordmark.svg","logos","wordmark.svg",".svg","","","0.2","46F7C56C5A20D2C47990F368F32121B6E1C78B0637705F78FA5E5231BF3AA652"
"palettes\luv-2-dark-neon-palette.png","palettes","luv-2-dark-neon-palette.png",".png","910","285","295.5","31EACA9F1C0D4BE43ECE8DDF0DC28EDCDD40BD47DC32788203740F3809B68A17"
"palettes\luv-3-dark-neon-palette.png","palettes","luv-3-dark-neon-palette.png",".png","910","285","295.5","EF48E9284CC2F6A5ABDF841719619E27D4DEC1CB6BB638E07D6370B4679B63C1"
"palettes\luv-dark-neon-palette-2.png","palettes","luv-dark-neon-palette-2.png",".png","910","285","296","7C6B8072E0B9B2F7201F06C1C247189E0E60D7B8A7AAB52F1E7295ED8B9AC107"
"palettes\luv-dark-neon-palette-3.png","palettes","luv-dark-neon-palette-3.png",".png","910","285","296","9CBADA1345574D6C1553EE7AE6CD165E2C1BC10B731BB8AACA85AAE22AAFFAA9"
"palettes\luv-dark-neon-palette.png","palettes","luv-dark-neon-palette.png",".png","910","285","295.2","AD8EC8E9FE2ACB0AFF8DAF0CF2FDA7579F722FF2770192CE3338185179A5B8FB"
"previews\preview-internal-reference-mixed-board-slices-contact-sheet.jpg","previews","preview-internal-reference-mixed-board-slices-contact-sheet.jpg",".jpg","1136","732","143.2","8A9DE05DDAC2548D85539706AC4C29D6F88A2B7DA7F2387933678AFF32574E22"
"previews\preview-public-avatars-contact-sheet.jpg","previews","preview-public-avatars-contact-sheet.jpg",".jpg","1136","488","64.2","B4255E8DE721C40723139061AE7CE7AE54DE1CDA00C200D2DFC9D41571DC4482"
"previews\preview-public-banners-contact-sheet.jpg","previews","preview-public-banners-contact-sheet.jpg",".jpg","1136","732","156.6","DB7848DEF6DB8717A4DF8A5707DC8CE75B9B6121A0E808F3A73F6917DC08CBAB"
"previews\preview-public-brand-boards-contact-sheet.jpg","previews","preview-public-brand-boards-contact-sheet.jpg",".jpg","1136","488","111.2","401B8D0C61DA647E6DCC5B0204334F9BCEBD97809917028ACAB60546EEC87167"
"previews\preview-public-headers-contact-sheet.jpg","previews","preview-public-headers-contact-sheet.jpg",".jpg","1136","488","56.7","EAB8B442A3A794376C5E1BA34BCB53997DF41C3FC35388DC2C84B302EA7CE8E8"
"previews\preview-public-icons-contact-sheet.jpg","previews","preview-public-icons-contact-sheet.jpg",".jpg","1136","1708","384.7","CF8DBA66FB6BEE5ECD3BA51A201C57C283A5EC80BB77D0BE1E20D1B84A324ECE"
"previews\preview-public-logos-contact-sheet.jpg","previews","preview-public-logos-contact-sheet.jpg",".jpg","1136","976","166","EC7DA5C10D81F093B36A5387F40158683817F0DB326278B0100CAA125A539088"
"previews\preview-public-palettes-contact-sheet.jpg","previews","preview-public-palettes-contact-sheet.jpg",".jpg","1136","488","48.5","92EF66924531F6E860CBDE8FCFB6E9144795263708D1A740A45CC1052C55CF67"
"previews\preview-public-social-cards-contact-sheet.jpg","previews","preview-public-social-cards-contact-sheet.jpg",".jpg","1136","732","182.3","14B42A7CFC2E7C29EA80BB64457A70D9980A6E5FF6B5CF5D97748716EC980095"
"previews\preview-public-standardized-header-crops-contact-sheet.jpg","previews","preview-public-standardized-header-crops-contact-sheet.jpg",".jpg","1136","1464","208.4","E8B36A4A61238608085355181E42F844FB12F6A851C9D20D111BC9BF10118C57"
"previews\preview-public-standardized-square-crops-contact-sheet.jpg","previews","preview-public-standardized-square-crops-contact-sheet.jpg",".jpg","1136","1464","270","468F45A1BFC2809A7F65C05DCC5DE13405672CE185CFD0573C4294B6E9F82B58"
"previews\preview-public-standardized-story-crops-contact-sheet.jpg","previews","preview-public-standardized-story-crops-contact-sheet.jpg",".jpg","1136","1464","168.8","EF0D2422656CD30A0588B9710925D8B6428CC37C4D48E16AB1710A1F65D07D08"
"previews\preview-public-ui-panels-contact-sheet.jpg","previews","preview-public-ui-panels-contact-sheet.jpg",".jpg","1136","488","45.4","04D1E6F9BCB0059852548E53213B5AAE4C746643AA66FCF10EEAF89382063723"
"previews\preview-root-png-contact-sheet.jpg","previews","preview-root-png-contact-sheet.jpg",".jpg","800","1140","236","7FCB702AAD8A04B0CF1AF76B3B18DD569611EA0C3D23AF9F86E789BF4805B084"
"social-cards\luv-2-instagram-pwa-card.png","social-cards","luv-2-instagram-pwa-card.png",".png","360","365","160.7","1121CBDB1E5D7876DF68B3BB9C3E4107B98F8AF627EF735EF13E690F1BF459D6"
"social-cards\luv-2-twitter-card.png","social-cards","luv-2-twitter-card.png",".png","380","365","166.8","F16A1CA82B0750D2567D60275E485EEB2CEB98150ADF59256DD108C4CBF02554"
"social-cards\luv-3-instagram-pwa-card.png","social-cards","luv-3-instagram-pwa-card.png",".png","360","365","156.6","F021A536110CA79F16FF741B3856BD4D6AE6DDEB9AB7170D964568C133C9A67C"
"social-cards\luv-3-twitter-card.png","social-cards","luv-3-twitter-card.png",".png","380","365","164.4","775324C5BB9F3DED3C20C47F0F35A2F9814579CB5BA490FF90FB462F1164A251"
"social-cards\luv-instagram-pwa-card-2.png","social-cards","luv-instagram-pwa-card-2.png",".png","360","365","159.3","6E5DD5C7D1581658859AB6D2BA7F3222168EE05CC9433CFB35AF4695F6FBDE93"
"social-cards\luv-instagram-pwa-card-3.png","social-cards","luv-instagram-pwa-card-3.png",".png","360","365","157.9","BC3C021868ECD515C3056A2981AF8D07C99121AAEC0AF3B822315BF61D302DC0"
"social-cards\luv-instagram-pwa-card.png","social-cards","luv-instagram-pwa-card.png",".png","360","365","155.5","0153F4F2C884FA43219A2CD8DFF48DBDC111BC330D9C22D999AB12117DFD5B17"
"social-cards\luv-mixed-luv-profile-card.png","social-cards","luv-mixed-luv-profile-card.png",".png","470","395","198","D628FE4270AAFD8BE70B07CC759F83B7581B7226967FFAC71BE4B6EF4F5FFCD7"
"social-cards\luv-mixed-luv-social-card.png","social-cards","luv-mixed-luv-social-card.png",".png","520","430","264.5","859F836F3CF25842706CD4D2BAD7360D4FA7448C3FB9748ECB0FAF019EEAD741"
"social-cards\luv-twitter-card-2.png","social-cards","luv-twitter-card-2.png",".png","380","365","165.1","868A125732790B0065078AD4CF9F26E2F932C2D5810C5CA08A63E1FE0ACE886C"
"social-cards\luv-twitter-card-3.png","social-cards","luv-twitter-card-3.png",".png","380","365","160.3","673C9C71D7CD9E58742DAFB6792000B45D28E74F603F815B7ADD04593DBA83C6"
"social-cards\luv-twitter-card.png","social-cards","luv-twitter-card.png",".png","380","365","165.4","98BCBF70EBDA050EEA14690DC011A72088AA1C93C72C44369D5058338E3D5158"
"standardized\header-crops\luv-2-header-1500x500.png","standardized\header-crops","luv-2-header-1500x500.png",".png","1500","500","894.3","39EF9F6FB8AB63CD8DD1F8F18BB194FADBBDC019ADBC40228A85D6AB4016E454"
"standardized\header-crops\luv-3-header-1500x500.png","standardized\header-crops","luv-3-header-1500x500.png",".png","1500","500","897.3","5A1FC872B29A39D843E80A318862004130B063C05ACAB23DD36999BC7D9DD11C"
"standardized\header-crops\luv-banners-header-1500x500.png","standardized\header-crops","luv-banners-header-1500x500.png",".png","1500","500","484.2","6CBED880F5A3DED47EEFA9E4823CC1F06DD82531FC2B97437411AD588D1277D1"
"standardized\header-crops\luv-copilot-20260506-110000-header-1500x500.png","standardized\header-crops","luv-copilot-20260506-110000-header-1500x500.png",".png","1500","500","213.4","0E89E50C5D4AF33AAC0701DA68FA34F26382854C6A24CC9A24B9DAC05A671B04"
"standardized\header-crops\luv-copilot-20260506-110504-header-1500x500.png","standardized\header-crops","luv-copilot-20260506-110504-header-1500x500.png",".png","1500","500","553","D3FB67BFF79B46ED9A3192BFFB9B288C29161DD4157FAEAC113CB1762FA7FEC6"
"standardized\header-crops\luv-copilot-20260506-112111-header-1500x500.png","standardized\header-crops","luv-copilot-20260506-112111-header-1500x500.png",".png","1500","500","227","0703ED6E84A69E1F8DC52F2270F3C66FEB5A5BA47B5B71057BA8EE829AA3815A"
"standardized\header-crops\luv-copilot-20260506-112115-header-1500x500.png","standardized\header-crops","luv-copilot-20260506-112115-header-1500x500.png",".png","1500","500","307.5","E82C1F47126DC0811B388B5AB65B3A2A3627DBFD8FB86F54B6CB9C3D1D9B936C"
"standardized\header-crops\luv-copilot-20260506-112135-header-1500x500.png","standardized\header-crops","luv-copilot-20260506-112135-header-1500x500.png",".png","1500","500","339.6","F67EE62FBB657C5BAB4E397CD4BA01596F7DED0A239EF4B170172D38DD9DC996"
"standardized\header-crops\luv-copilot-20260506-112207-header-1500x500.png","standardized\header-crops","luv-copilot-20260506-112207-header-1500x500.png",".png","1500","500","474.1","77C993BB3490E96934404CC7212212BA748B454CB385F5DE821AE9E262ECB3BF"
"standardized\header-crops\luv-copilot-20260506-112232-header-1500x500.png","standardized\header-crops","luv-copilot-20260506-112232-header-1500x500.png",".png","1500","500","291.1","BB5AC9A804A715F8A224FC21FBB57F20663ACF2294DA1AAEA1FD7289FB9C6CDF"
"standardized\header-crops\luv-copilot-20260506-112547-header-1500x500.png","standardized\header-crops","luv-copilot-20260506-112547-header-1500x500.png",".png","1500","500","192","B49B5EE810AE78459C4DA09A4D7F4DB262A4A4196EAEF40590732D51F98C75B1"
"standardized\header-crops\luv-copilot-20260506-113028-header-1500x500.png","standardized\header-crops","luv-copilot-20260506-113028-header-1500x500.png",".png","1500","500","422.9","EFF227DFC4227ED8EDC99ABD0C640705A6D04039C7C583ED00B3CAF9D94429F6"
"standardized\header-crops\luv-copilot-20260506-113218-header-1500x500.png","standardized\header-crops","luv-copilot-20260506-113218-header-1500x500.png",".png","1500","500","185","83F37D5646D2A895261482A679B07A87EC35D55219065B20B1BA6B2E274A2E23"
"standardized\header-crops\luv-designer-1-header-1500x500.png","standardized\header-crops","luv-designer-1-header-1500x500.png",".png","1500","500","488.8","8C25B4841EB682C0B0731963857A15C2CB91EA3C535676812B5442942FA0E1F1"
"standardized\header-crops\luv-designer-2-header-1500x500.png","standardized\header-crops","luv-designer-2-header-1500x500.png",".png","1500","500","400.2","380F239944F6F5D91A31A509FFD33E031949AB2D357744ECE64BC8C2A2A8725A"
"standardized\header-crops\luv-designer-3-header-1500x500.png","standardized\header-crops","luv-designer-3-header-1500x500.png",".png","1500","500","250.1","FF675E4340B61DB009F67AB45C1A8C1854402CAF74E81566E2D1EE9C4A62BE9C"
"standardized\header-crops\luv-header-1500x500-2.png","standardized\header-crops","luv-header-1500x500-2.png",".png","1499","500","852.4","918A4EC7C2E8016CB5D881878BE5539B9CB0E42D60A1D3DF4F12E668D5C6B31B"
"standardized\header-crops\luv-header-1500x500-3.png","standardized\header-crops","luv-header-1500x500-3.png",".png","1500","500","894","2159713C0F61120294170BF6E3E2D0EFD2054E60636318D2A2C13C03A0502B57"
"standardized\header-crops\luv-header-1500x500-4.png","standardized\header-crops","luv-header-1500x500-4.png",".png","1500","500","893.9","E0F27E8EEA2F97689A16304AD0CE2C2F15F288F5EA9393B8695C19B0E37A3857"
"standardized\header-crops\luv-header-1500x500-5.png","standardized\header-crops","luv-header-1500x500-5.png",".png","1499","500","742.6","542926391477D00731E2C56F0998B698A97CE6DCC1596FE04B19BCB34A48E1C2"
"standardized\header-crops\luv-header-1500x500-6.png","standardized\header-crops","luv-header-1500x500-6.png",".png","1500","500","889.3","16AE0B8C1717AF2DD24099C1CF3F52EA4F3961FC98822945B6F532D9D3EA7CE1"
"standardized\header-crops\luv-header-1500x500.png","standardized\header-crops","luv-header-1500x500.png",".png","1499","500","839.1","B8DD705E4B4321E2ED9D02B46F70DCAA08832414DC942DEBFE440C7B251E89AE"
"standardized\square-crops\luv-2-square-center-1024.png","standardized\square-crops","luv-2-square-center-1024.png",".png","1024","1024","1223.9","6C0B4F60901BE9E266D4C0285F1AE12BD8A413A7637A3E16AF9C25010625A91C"
"standardized\square-crops\luv-3-square-center-1024.png","standardized\square-crops","luv-3-square-center-1024.png",".png","1024","1024","1226","27FA2A9C3BE5ED6FC427B7C13213602A64CDEED94E6F412EA1F857120BDB6004"
"standardized\square-crops\luv-banners-square-center-1024.png","standardized\square-crops","luv-banners-square-center-1024.png",".png","1024","1024","803.2","75C9CF93F8996C2125A00F6C30E21DD1EF73842B4AD0A39CF343E8ABFC78B617"
"standardized\square-crops\luv-copilot-20260506-110000-square-center-1024.png","standardized\square-crops","luv-copilot-20260506-110000-square-center-1024.png",".png","1024","1024","1243.9","979E4BA0D3C38115B6D32806C840AB9AB66EDB1794F935E42833B48A7E19E11A"
"standardized\square-crops\luv-copilot-20260506-110504-square-center-1024.png","standardized\square-crops","luv-copilot-20260506-110504-square-center-1024.png",".png","1024","1024","657.7","7B86B8D2691DD64544EE77A70B625C117C8D687116D51EB3B7572A56A1C9BA77"
"standardized\square-crops\luv-copilot-20260506-112111-square-center-1024.png","standardized\square-crops","luv-copilot-20260506-112111-square-center-1024.png",".png","1024","1024","157.8","FDEA278B80FACD2DFFCE140A5432EAEED40EE305B8A88022DE08A074EA476706"
"standardized\square-crops\luv-copilot-20260506-112115-square-center-1024.png","standardized\square-crops","luv-copilot-20260506-112115-square-center-1024.png",".png","1024","1024","266.3","1DC5BFEC305F13151F8DD882B3E142622F95E5518E38441BEB1BB6F66C136AC1"
"standardized\square-crops\luv-copilot-20260506-112135-square-center-1024.png","standardized\square-crops","luv-copilot-20260506-112135-square-center-1024.png",".png","1024","1024","282.5","A14A2C42D894D4D12D4D4CAF432142D70433A656DB3CA736D02F4C4EAE50520F"
"standardized\square-crops\luv-copilot-20260506-112207-square-center-1024.png","standardized\square-crops","luv-copilot-20260506-112207-square-center-1024.png",".png","1024","1024","638.1","B7613429A8AA51F8565D6E87517FE03EE3775F14BBE4828B0C6A81F9B8DCFBE8"
"standardized\square-crops\luv-copilot-20260506-112232-square-center-1024.png","standardized\square-crops","luv-copilot-20260506-112232-square-center-1024.png",".png","1024","1024","297.4","7187E230ECBE39FFABDFCFB2FBA4CB030E6747B1FB4F94550BB19961588DB2A1"
"standardized\square-crops\luv-copilot-20260506-112547-square-center-1024.png","standardized\square-crops","luv-copilot-20260506-112547-square-center-1024.png",".png","1024","1024","112.9","FFBABC1A8174582A1ECB91D19BDD54C05F33111775BDC55AF28DD6CE46185517"
"standardized\square-crops\luv-copilot-20260506-113028-square-center-1024.png","standardized\square-crops","luv-copilot-20260506-113028-square-center-1024.png",".png","1024","1024","306.2","31D423FCC3E53FE0143D1A2D44F9994670E42B766AF5B213F2A42A5B5A12DDDE"
"standardized\square-crops\luv-copilot-20260506-113218-square-center-1024.png","standardized\square-crops","luv-copilot-20260506-113218-square-center-1024.png",".png","1024","1024","171.3","9EC004F5F6CD1558FC0EC4DD161E9EAC0C87187F0479829D987385BCC4759D99"
"standardized\square-crops\luv-designer-1-square-center-1024.png","standardized\square-crops","luv-designer-1-square-center-1024.png",".png","1024","1024","1309.4","3F6163784044D1DEA1A142643D18C61CAFA43B9865ACC1B32076442B43F13174"
"standardized\square-crops\luv-designer-2-square-center-1024.png","standardized\square-crops","luv-designer-2-square-center-1024.png",".png","1024","1024","1308.6","DF15AE36FF26FA27B715CDB4E7807208A6B95B2AE3236F7480595A44313E4274"
"standardized\square-crops\luv-designer-3-square-center-1024.png","standardized\square-crops","luv-designer-3-square-center-1024.png",".png","1024","1024","1295.2","79215A417EB55EA0DF9E4F8A4247565DFB2E144353949CE5057089253BE569C7"
"standardized\square-crops\luv-square-center-1024-2.png","standardized\square-crops","luv-square-center-1024-2.png",".png","1024","1024","1147.2","91BE7615DD466D4A32D26D76FB281434A51F7B5C637F03915298DDBD455DEDC8"
"standardized\square-crops\luv-square-center-1024-3.png","standardized\square-crops","luv-square-center-1024-3.png",".png","1024","1024","1221.5","4D99D767436AECC353AACDB4029C415E3FF7E8F513351FE20C11FA718B4DCF48"
"standardized\square-crops\luv-square-center-1024-4.png","standardized\square-crops","luv-square-center-1024-4.png",".png","1024","1024","1221","7889E23B5C54B26FCC538442FD0768003B4583CDB4EC9ED3197BD35A3E1F42C5"
"standardized\square-crops\luv-square-center-1024-5.png","standardized\square-crops","luv-square-center-1024-5.png",".png","1024","1024","1055.8","C2818DF2736B35479C7DE5B696BEF3382012DD3F4774452628CBF2A53CD614DB"
"standardized\square-crops\luv-square-center-1024-6.png","standardized\square-crops","luv-square-center-1024-6.png",".png","1024","1024","1211.7","8895CC83319CF26A08151B702F834C5CD9EB1108AADF825824CDBB87F18C992B"
"standardized\square-crops\luv-square-center-1024.png","standardized\square-crops","luv-square-center-1024.png",".png","1024","1024","1212.7","B17E230B53D48F678A35FE7433F7158D42F3CCF13FDDBE332C0A63BEF230C09D"
"standardized\story-crops\luv-2-story-1080x1920.png","standardized\story-crops","luv-2-story-1080x1920.png",".png","1080","1920","2069.7","F8215DD1C273A0DB2F19AAA3614637F548E546B61078F147F57833752785144A"
"standardized\story-crops\luv-3-story-1080x1920.png","standardized\story-crops","luv-3-story-1080x1920.png",".png","1080","1920","2077.9","2F8B4183B03D6C9A2ED9D1B0D6252EA82138D9315560C6E29C398E9CE633FF86"
"standardized\story-crops\luv-banners-story-1080x1920.png","standardized\story-crops","luv-banners-story-1080x1920.png",".png","1080","1920","1176.3","4BC97F9467AE33ECA259DFE65823FCF1C2229B9549E26A113640CF68FEA96088"
"standardized\story-crops\luv-copilot-20260506-110000-story-1080x1920.png","standardized\story-crops","luv-copilot-20260506-110000-story-1080x1920.png",".png","1080","1920","436.7","A0705555A379C8BB5B4340A6DD292AB6DD18DADF1E01512834C89C53A4833FF2"
"standardized\story-crops\luv-copilot-20260506-110504-story-1080x1920.png","standardized\story-crops","luv-copilot-20260506-110504-story-1080x1920.png",".png","1080","1920","863","D10278DEF3108AB9AAFE6AE8646E6846DAE4926AA92F38FA48407272D1481F01"
"standardized\story-crops\luv-copilot-20260506-112111-story-1080x1920.png","standardized\story-crops","luv-copilot-20260506-112111-story-1080x1920.png",".png","1080","1920","200.6","F29BAA5DAA2F5F29D6532D06CC7D51D4B122B4396696FDA5AA12118368C48958"
"standardized\story-crops\luv-copilot-20260506-112115-story-1080x1920.png","standardized\story-crops","luv-copilot-20260506-112115-story-1080x1920.png",".png","1080","1920","372.7","EAB7DAA770DA060F7CF5F66D3671A0C0DF1BE4176EF5D24C044F77265C056946"
"standardized\story-crops\luv-copilot-20260506-112135-story-1080x1920.png","standardized\story-crops","luv-copilot-20260506-112135-story-1080x1920.png",".png","1080","1920","378","98D7C031C26F5C8A8A75B5F7A4754F76EF291F9E3CE28912BF1A5DCCA673999E"
"standardized\story-crops\luv-copilot-20260506-112207-story-1080x1920.png","standardized\story-crops","luv-copilot-20260506-112207-story-1080x1920.png",".png","1080","1920","783.3","8885A4D5C3EC121F8A882F03A7B4CD0286463E58627A654082984EC0A96036B3"
"standardized\story-crops\luv-copilot-20260506-112232-story-1080x1920.png","standardized\story-crops","luv-copilot-20260506-112232-story-1080x1920.png",".png","1080","1920","506.7","0AEF5733D8DAFFD0E04CE43E8BFF76F7592559B387D2F28ECA09CAA681AEF0B3"
"standardized\story-crops\luv-copilot-20260506-112547-story-1080x1920.png","standardized\story-crops","luv-copilot-20260506-112547-story-1080x1920.png",".png","1080","1920","101.9","0692955F247A231A00DB6056F6570484F1E9CE62AF2AEBCC508CC69EBF61DC88"
"standardized\story-crops\luv-copilot-20260506-113028-story-1080x1920.png","standardized\story-crops","luv-copilot-20260506-113028-story-1080x1920.png",".png","1080","1920","380","9802296FF284242AFA3C6BD6D615E9B39BD97A5C8737318981577168B9178E24"
"standardized\story-crops\luv-copilot-20260506-113218-story-1080x1920.png","standardized\story-crops","luv-copilot-20260506-113218-story-1080x1920.png",".png","1080","1920","173.2","53697D1E9EC6CACFD93D275795B4623DF748FEA91602A063E02C8F97E242400C"
"standardized\story-crops\luv-designer-1-story-1080x1920.png","standardized\story-crops","luv-designer-1-story-1080x1920.png",".png","1080","1920","378.3","E2E561278B857B2A477436CA108F3D5C07B39C3E5FEE8840E4D96F27163E7114"
"standardized\story-crops\luv-designer-2-story-1080x1920.png","standardized\story-crops","luv-designer-2-story-1080x1920.png",".png","1080","1920","576.4","760F72A0405D53437B4CA5C842207D346E059F79EE040452CCB370B27ACF2AE8"
"standardized\story-crops\luv-designer-3-story-1080x1920.png","standardized\story-crops","luv-designer-3-story-1080x1920.png",".png","1080","1920","218","A0014D36938598D9BA3072E58F490FF6766F8C40A242052949BB462AFBF7494D"
"standardized\story-crops\luv-story-1080x1920-2.png","standardized\story-crops","luv-story-1080x1920-2.png",".png","1080","1920","2076.2","2C60DB57F9C84E1BA516B212E65225F7E39822E40D00FA6AEF6C14803854D0DA"
"standardized\story-crops\luv-story-1080x1920-3.png","standardized\story-crops","luv-story-1080x1920-3.png",".png","1080","1920","2064.7","489CD5B7D97576FB0D08FD744BCD4FC583CACD19AFB8608A0416800249751F1A"
"standardized\story-crops\luv-story-1080x1920-4.png","standardized\story-crops","luv-story-1080x1920-4.png",".png","1080","1920","2058.8","2B21977C1707BAAF60013FEFC5A577CC115AE0995F0231208E3EE513BF4AFF7E"
"standardized\story-crops\luv-story-1080x1920-5.png","standardized\story-crops","luv-story-1080x1920-5.png",".png","1080","1920","1888.8","3E50726FE52777877C26D8041CCB37F0A101E71AB8FBE315D676855575326A74"
"standardized\story-crops\luv-story-1080x1920-6.png","standardized\story-crops","luv-story-1080x1920-6.png",".png","1080","1920","2040.7","D7AD426786FA55B6782E3D7210A4A04A943500C37711342C1447D0429D0D2A0A"
"standardized\story-crops\luv-story-1080x1920.png","standardized\story-crops","luv-story-1080x1920.png",".png","1080","1920","2129.6","5486840A25AE774758388D0CDEDBAD789E4FC9C2A787A346FC25703A64BAF4AA"
"ui-panels\luv-2-asset-generation-code-panel.png","ui-panels","luv-2-asset-generation-code-panel.png",".png","855","255","242.1","9111F55C3467083CDC16C0FD37CE3612D995908AD51E138BB0856F0784A92A4B"
"ui-panels\luv-3-asset-generation-code-panel.png","ui-panels","luv-3-asset-generation-code-panel.png",".png","855","255","246.6","4D84740D9FEC960A9419BB98F5442444CA7AC4503F7F595B08B022627E5EEE8E"
"ui-panels\luv-asset-generation-code-panel-2.png","ui-panels","luv-asset-generation-code-panel-2.png",".png","855","255","243.2","7A98F3A6CA4192745946BD5A27733533C051ADAE2FB69DF7389291BF54CDFAF3"
"ui-panels\luv-asset-generation-code-panel-3.png","ui-panels","luv-asset-generation-code-panel-3.png",".png","855","255","242.9","852EBFDFEA682457E0C510F4104D94E96C7631BE2D2A210DBF7A8344182D148E"
"ui-panels\luv-asset-generation-code-panel.png","ui-panels","luv-asset-generation-code-panel.png",".png","855","255","237.4","8C23FE20660EB46EA955A7F33146D87AE5D7A8AA1F11C09D24A9D758C1911D68"
